"target","template_group","template_id","primer_id","primer_direction","primer_sequence_input","primer_sequence_match","start","end","matched_sequence"
"IGKV","IGKV1","IGKV1-12*01","VK1/6_fw","fw","TCAAGGTTCAGCGGCAGTGGATCTG","TCAAGGTTCAGCGGCAGTGGATCTG",178,202,"TCAAGGTTCAGCGGCAGTGGATCTG"
"IGKV","IGKV1","IGKV1-12*02","VK1/6_fw","fw","TCAAGGTTCAGCGGCAGTGGATCTG","TCAAGGTTCAGCGGCAGTGGATCTG",178,202,"TCAAGGTTCAGCGGCAGTGGATCTG"
"IGKV","IGKV1","IGKV1-13*01","VK1/6_fw","fw","TCAAGGTTCAGCGGCAGTGGATCTG","TCAAGGTTCAGCGGCAGTGGATCTG",178,202,"TCAAGGTTCAGCGGCAGTGGATCTG"
"IGKV","IGKV1","IGKV1-13*02","VK1/6_fw","fw","TCAAGGTTCAGCGGCAGTGGATCTG","TCAAGGTTCAGCGGCAGTGGATCTG",178,202,"TCAAGGTTCAGCGGCAGTGGATCTG"
"IGKV","IGKV1","IGKV1-16*01","VK1/6_fw","fw","TCAAGGTTCAGCGGCAGTGGATCTG","TCAAGGTTCAGCGGCAGTGGATCTG",178,202,"TCAAGGTTCAGCGGCAGTGGATCTG"
"IGKV","IGKV1","IGKV1-16*02","VK1/6_fw","fw","TCAAGGTTCAGCGGCAGTGGATCTG","TCAAGGTTCAGCGGCAGTGGATCTG",178,202,"TCAAAGTTCAGCGGCAGTGGATCTG"
"IGKV","IGKV1","IGKV1-17*01","VK1/6_fw","fw","TCAAGGTTCAGCGGCAGTGGATCTG","TCAAGGTTCAGCGGCAGTGGATCTG",178,202,"TCAAGGTTCAGCGGCAGTGGATCTG"
"IGKV","IGKV1","IGKV1-17*02","VK1/6_fw","fw","TCAAGGTTCAGCGGCAGTGGATCTG","TCAAGGTTCAGCGGCAGTGGATCTG",178,202,"TCAAGGTTCAGCGGCAGTGGATCTG"
"IGKV","IGKV1","IGKV1-17*03","VK1/6_fw","fw","TCAAGGTTCAGCGGCAGTGGATCTG","TCAAGGTTCAGCGGCAGTGGATCTG",178,202,"TCAAGGTTCAGCGGCAGTGGATCTG"
"IGKV","IGKV1","IGKV1-27*01","VK1/6_fw","fw","TCAAGGTTCAGCGGCAGTGGATCTG","TCAAGGTTCAGCGGCAGTGGATCTG",178,202,"TCTCGGTTCAGTGGCAGTGGATCTG"
"IGKV","IGKV1","IGKV1-27*02","VK1/6_fw","fw","TCAAGGTTCAGCGGCAGTGGATCTG","TCAAGGTTCAGCGGCAGTGGATCTG",178,202,"TCTCGGTTCAGCGGCAGTGGATCTG"
"IGKV","IGKV1","IGKV1-27*03","VK1/6_fw","fw","TCAAGGTTCAGCGGCAGTGGATCTG","TCAAGGTTCAGCGGCAGTGGATCTG",178,202,"TCTCGGTTCAGTGGCAGTGGATCTG"
"IGKV","IGKV1","IGKV1-33*01","VK1/6_fw","fw","TCAAGGTTCAGCGGCAGTGGATCTG","TCAAGGTTCAGCGGCAGTGGATCTG",178,202,"TCAAGGTTCAGTGGAAGTGGATCTG"
"IGKV","IGKV1","IGKV1-37*01","VK1/6_fw","fw","TCAAGGTTCAGCGGCAGTGGATCTG","TCAAGGTTCAGCGGCAGTGGATCTG",178,202,"TCTCGGTTCAGTGGCAGTGGATCTG"
"IGKV","IGKV1","IGKV1-39*01","VK1/6_fw","fw","TCAAGGTTCAGCGGCAGTGGATCTG","TCAAGGTTCAGCGGCAGTGGATCTG",178,202,"TCAAGGTTCAGTGGCAGTGGATCTG"
"IGKV","IGKV1","IGKV1-39*02","VK1/6_fw","fw","TCAAGGTTCAGCGGCAGTGGATCTG","TCAAGGTTCAGCGGCAGTGGATCTG",178,202,"TCAAGGTTCAGTGGCAGTGGATCTG"
"IGKV","IGKV1","IGKV1-5*01","VK1/6_fw","fw","TCAAGGTTCAGCGGCAGTGGATCTG","TCAAGGTTCAGCGGCAGTGGATCTG",178,202,"TCAAGGTTCAGCGGCAGTGGATCTG"
"IGKV","IGKV1","IGKV1-5*02","VK1/6_fw","fw","TCAAGGTTCAGCGGCAGTGGATCTG","TCAAGGTTCAGCGGCAGTGGATCTG",178,202,"TCAAGGTTCAGCGGCAGTGGATCTG"
"IGKV","IGKV1","IGKV1-5*03","VK1/6_fw","fw","TCAAGGTTCAGCGGCAGTGGATCTG","TCAAGGTTCAGCGGCAGTGGATCTG",178,202,"TCAAGGTTCAGCGGCAGTGGATCTG"
"IGKV","IGKV1","IGKV1-5*04","VK1/6_fw","fw","TCAAGGTTCAGCGGCAGTGGATCTG","TCAAGGTTCAGCGGCAGTGGATCTG",178,202,"TCAAGGTTCAGCGGCAGTGGATCTG"
"IGKV","IGKV1","IGKV1-5*05","VK1/6_fw","fw","TCAAGGTTCAGCGGCAGTGGATCTG","TCAAGGTTCAGCGGCAGTGGATCTG",178,202,"TCAAGGTTCAGCGGCAGTGGATCTG"
"IGKV","IGKV1","IGKV1-6*01","VK1/6_fw","fw","TCAAGGTTCAGCGGCAGTGGATCTG","TCAAGGTTCAGCGGCAGTGGATCTG",178,202,"TCAAGGTTCAGCGGCAGTGGATCTG"
"IGKV","IGKV1","IGKV1-6*02","VK1/6_fw","fw","TCAAGGTTCAGCGGCAGTGGATCTG","TCAAGGTTCAGCGGCAGTGGATCTG",178,202,"TCAAGGTTCAGCGGCAGTGGATCTG"
"IGKV","IGKV1","IGKV1-8*01","VK1/6_fw","fw","TCAAGGTTCAGCGGCAGTGGATCTG","TCAAGGTTCAGCGGCAGTGGATCTG",178,202,"TCAAGGTTCAGCGGCAGTGGATCTG"
"IGKV","IGKV1","IGKV1-8*02","VK1/6_fw","fw","TCAAGGTTCAGCGGCAGTGGATCTG","TCAAGGTTCAGCGGCAGTGGATCTG",178,202,"TCAAGGTTCAGCGGCAGTGGATCTG"
"IGKV","IGKV1","IGKV1-8*03","VK1/6_fw","fw","TCAAGGTTCAGCGGCAGTGGATCTG","TCAAGGTTCAGCGGCAGTGGATCTG",178,202,"TCAAGGTTCAGCGGCAGTGGATCTG"
"IGKV","IGKV1","IGKV1-8*04","VK1/6_fw","fw","TCAAGGTTCAGCGGCAGTGGATCTG","TCAAGGTTCAGCGGCAGTGGATCTG",178,202,"TCAAGGTTCAGTGGCAGTGGATCTG"
"IGKV","IGKV1","IGKV1-9*01","VK1/6_fw","fw","TCAAGGTTCAGCGGCAGTGGATCTG","TCAAGGTTCAGCGGCAGTGGATCTG",178,202,"TCAAGGTTCAGCGGCAGTGGATCTG"
"IGKV","IGKV1","IGKV1-9*02","VK1/6_fw","fw","TCAAGGTTCAGCGGCAGTGGATCTG","TCAAGGTTCAGCGGCAGTGGATCTG",178,202,"TCAAGGTTCAGCGGCAGTGGATCTG"
"IGKV","IGKV1","IGKV1-9*03","VK1/6_fw","fw","TCAAGGTTCAGCGGCAGTGGATCTG","TCAAGGTTCAGCGGCAGTGGATCTG",178,202,"TCAAGGTTCAGCGGCAGTGGATCTG"
"IGKV","IGKV1","IGKV1/OR2-108*01","VK1/6_fw","fw","TCAAGGTTCAGCGGCAGTGGATCTG","TCAAGGTTCAGCGGCAGTGGATCTG",178,202,"TCTCGGTTCAGTGGCAGTGGATCTG"
"IGKV","IGKV1D","IGKV1D-12*01","VK1/6_fw","fw","TCAAGGTTCAGCGGCAGTGGATCTG","TCAAGGTTCAGCGGCAGTGGATCTG",178,202,"TCAAGGTTCAGCGGCAGTGGATCTG"
"IGKV","IGKV1D","IGKV1D-12*02","VK1/6_fw","fw","TCAAGGTTCAGCGGCAGTGGATCTG","TCAAGGTTCAGCGGCAGTGGATCTG",178,202,"TCAAGGTTCAGCGGCAGTGGATCTG"
"IGKV","IGKV1D","IGKV1D-13*01","VK1/6_fw","fw","TCAAGGTTCAGCGGCAGTGGATCTG","TCAAGGTTCAGCGGCAGTGGATCTG",178,202,"TCAAGGTTCAGCGGCAGTGGATCTG"
"IGKV","IGKV1D","IGKV1D-13*02","VK1/6_fw","fw","TCAAGGTTCAGCGGCAGTGGATCTG","TCAAGGTTCAGCGGCAGTGGATCTG",178,202,"TCAAGGTTCAGCGGCAGTGGATCTG"
"IGKV","IGKV1D","IGKV1D-16*01","VK1/6_fw","fw","TCAAGGTTCAGCGGCAGTGGATCTG","TCAAGGTTCAGCGGCAGTGGATCTG",178,202,"TCAAGGTTCAGCGGCAGTGGATCTG"
"IGKV","IGKV1D","IGKV1D-16*02","VK1/6_fw","fw","TCAAGGTTCAGCGGCAGTGGATCTG","TCAAGGTTCAGCGGCAGTGGATCTG",178,202,"TCAAGGTTCAGCGGCAGTGGATCTG"
"IGKV","IGKV1D","IGKV1D-17*01","VK1/6_fw","fw","TCAAGGTTCAGCGGCAGTGGATCTG","TCAAGGTTCAGCGGCAGTGGATCTG",178,202,"TCAAGGTTCAGCGGCAGTGGATCTG"
"IGKV","IGKV1D","IGKV1D-33*01","VK1/6_fw","fw","TCAAGGTTCAGCGGCAGTGGATCTG","TCAAGGTTCAGCGGCAGTGGATCTG",178,202,"TCAAGGTTCAGTGGAAGTGGATCTG"
"IGKV","IGKV1D","IGKV1D-37*01","VK1/6_fw","fw","TCAAGGTTCAGCGGCAGTGGATCTG","TCAAGGTTCAGCGGCAGTGGATCTG",178,202,"TCTCGGTTCAGTGGCAGTGGATCTG"
"IGKV","IGKV1D","IGKV1D-39*01","VK1/6_fw","fw","TCAAGGTTCAGCGGCAGTGGATCTG","TCAAGGTTCAGCGGCAGTGGATCTG",178,202,"TCAAGGTTCAGTGGCAGTGGATCTG"
"IGKV","IGKV1D","IGKV1D-42*01","VK1/6_fw","fw","TCAAGGTTCAGCGGCAGTGGATCTG","TCAAGGTTCAGCGGCAGTGGATCTG",178,202,"TCGAGGTTCAGTGGCAGGGGATCTG"
"IGKV","IGKV1D","IGKV1D-42*02","VK1/6_fw","fw","TCAAGGTTCAGCGGCAGTGGATCTG","TCAAGGTTCAGCGGCAGTGGATCTG",178,202,"TCGAGGTTCAGTGGCAGGGGATCTG"
"IGKV","IGKV1D","IGKV1D-43*01","VK1/6_fw","fw","TCAAGGTTCAGCGGCAGTGGATCTG","TCAAGGTTCAGCGGCAGTGGATCTG",178,202,"TCAAGGTTCAGCGGCAGTGGATCTG"
"IGKV","IGKV1D","IGKV1D-7-1*01","VK1/6_fw","fw","TCAAGGTTCAGCGGCAGTGGATCTG","TCAAGGTTCAGCGGCAGTGGATCTG",178,202,"TCCAGGTTCAGTGGCAGTGGATCTG"
"IGKV","IGKV1D","IGKV1D-8*01","VK1/6_fw","fw","TCAAGGTTCAGCGGCAGTGGATCTG","TCAAGGTTCAGCGGCAGTGGATCTG",178,202,"TCAAGGTTCAGTGGCAGTGGATCTG"
"IGKV","IGKV1D","IGKV1D-8*02","VK1/6_fw","fw","TCAAGGTTCAGCGGCAGTGGATCTG","TCAAGGTTCAGCGGCAGTGGATCTG",178,202,"TCAAGGTTCAGTGGCAGTGGATCTG"
"IGKV","IGKV1D","IGKV1D-8*03","VK1/6_fw","fw","TCAAGGTTCAGCGGCAGTGGATCTG","TCAAGGTTCAGCGGCAGTGGATCTG",178,202,"TCAAGGTTCAGTGGCAGTGGATCTG"
"IGKV","IGKV1D","IGKV1D-8*04","VK1/6_fw","fw","TCAAGGTTCAGCGGCAGTGGATCTG","TCAAGGTTCAGCGGCAGTGGATCTG",178,202,"TCAAGGTTCAGTGGCAGTGGATCTG"
"IGKV","IGKV3","IGKV3-20*02","VK1/6_fw","fw","TCAAGGTTCAGCGGCAGTGGATCTG","TCAAGGTTCAGCGGCAGTGGATCTG",181,205,"GCAAGGTTCAGTGGCAGTGGGTCTG"
"IGKV","IGKV6","IGKV6-21*01","VK1/6_fw","fw","TCAAGGTTCAGCGGCAGTGGATCTG","TCAAGGTTCAGCGGCAGTGGATCTG",178,202,"TCGAGGTTCAGTGGCAGTGGATCTG"
"IGKV","IGKV6","IGKV6-21*02","VK1/6_fw","fw","TCAAGGTTCAGCGGCAGTGGATCTG","TCAAGGTTCAGCGGCAGTGGATCTG",178,202,"TCGAGGTTCAGTGGCAGTGGATCTG"
"IGKV","IGKV6D","IGKV6D-21*01","VK1/6_fw","fw","TCAAGGTTCAGCGGCAGTGGATCTG","TCAAGGTTCAGCGGCAGTGGATCTG",178,202,"TCGAGGTTCAGTGGCAGTGGATCTG"
"IGKV","IGKV6D","IGKV6D-21*02","VK1/6_fw","fw","TCAAGGTTCAGCGGCAGTGGATCTG","TCAAGGTTCAGCGGCAGTGGATCTG",178,202,"TCGAGGTTCAGTGGCAGTGGATCTG"
"IGKV","IGKV6D","IGKV6D-41*01","VK1/6_fw","fw","TCAAGGTTCAGCGGCAGTGGATCTG","TCAAGGTTCAGCGGCAGTGGATCTG",178,202,"TCGAGGTTCAGTGGCAGTGGATCTG"
"IGKV","IGKV7","IGKV7-3*01","VK1/6_fw","fw","TCAAGGTTCAGCGGCAGTGGATCTG","TCAAGGTTCAGCGGCAGTGGATCTG",190,214,"GCCAGGTTCAGCGGCAGTGGGTCTG"
"IGKV","IGKV7","IGKV7-3*03","VK1/6_fw","fw","TCAAGGTTCAGCGGCAGTGGATCTG","TCAAGGTTCAGCGGCAGTGGATCTG",190,214,"GCCAGGTTCAGCGGCAGTGGGTCTG"
"IGKV","IGKV2","IGKV2-18*01","VK2_fw","fw","GGCCTCCATCTCCTGCAGGTCTA","GGCCTCCATCTCCTGCAGGTCTA",54,76,"GGCCTCCATCTCTTGCAGGTCTA"
"IGKV","IGKV2","IGKV2-24*01","VK2_fw","fw","GGCCTCCATCTCCTGCAGGTCTA","GGCCTCCATCTCCTGCAGGTCTA",54,76,"GGCCTCCATCTCCTGCAGGTCTA"
"IGKV","IGKV2","IGKV2-24*02","VK2_fw","fw","GGCCTCCATCTCCTGCAGGTCTA","GGCCTCCATCTCCTGCAGGTCTA",54,76,"GGCCTCCATCTCCTGCAGGTCTA"
"IGKV","IGKV2","IGKV2-28*01","VK2_fw","fw","GGCCTCCATCTCCTGCAGGTCTA","GGCCTCCATCTCCTGCAGGTCTA",54,76,"GGCCTCCATCTCCTGCAGGTCTA"
"IGKV","IGKV2","IGKV2-29*01","VK2_fw","fw","GGCCTCCATCTCCTGCAGGTCTA","GGCCTCCATCTCCTGCAGGTCTA",54,76,"GGCCTCCATCTCCTGCAAGTCTA"
"IGKV","IGKV2","IGKV2-29*02","VK2_fw","fw","GGCCTCCATCTCCTGCAGGTCTA","GGCCTCCATCTCCTGCAGGTCTA",54,76,"GGCCTCCATCTCCTGCAAGTCTA"
"IGKV","IGKV2","IGKV2-29*03","VK2_fw","fw","GGCCTCCATCTCCTGCAGGTCTA","GGCCTCCATCTCCTGCAGGTCTA",54,76,"GGCCTCCATCTCCTGCAAGTCTA"
"IGKV","IGKV2","IGKV2-30*01","VK2_fw","fw","GGCCTCCATCTCCTGCAGGTCTA","GGCCTCCATCTCCTGCAGGTCTA",54,76,"GGCCTCCATCTCCTGCAGGTCTA"
"IGKV","IGKV2","IGKV2-30*02","VK2_fw","fw","GGCCTCCATCTCCTGCAGGTCTA","GGCCTCCATCTCCTGCAGGTCTA",54,76,"GGCCTCCATCTCCTGCAGGTCTA"
"IGKV","IGKV2","IGKV2-4*01","VK2_fw","fw","GGCCTCCATCTCCTGCAGGTCTA","GGCCTCCATCTCCTGCAGGTCTA",54,76,"GGCCTCCATCTCCTGCAGGTCTA"
"IGKV","IGKV2","IGKV2-4*02","VK2_fw","fw","GGCCTCCATCTCCTGCAGGTCTA","GGCCTCCATCTCCTGCAGGTCTA",54,76,"GGCCTCCATCTCCTGCAGGTCTA"
"IGKV","IGKV2","IGKV2-40*01","VK2_fw","fw","GGCCTCCATCTCCTGCAGGTCTA","GGCCTCCATCTCCTGCAGGTCTA",54,76,"GGCCTCCATCTCCTGCAGGTCTA"
"IGKV","IGKV2","IGKV2-40*02","VK2_fw","fw","GGCCTCCATCTCCTGCAGGTCTA","GGCCTCCATCTCCTGCAGGTCTA",0,22,"GCCTCCATCTCCTGCAGGTCTA"
"IGKV","IGKV2","IGKV2/OR2-7D*01","VK2_fw","fw","GGCCTCCATCTCCTGCAGGTCTA","GGCCTCCATCTCCTGCAGGTCTA",54,76,"GGCCTCCATCTCCTGCAGGTCTA"
"IGKV","IGKV2","IGKV2/OR22-4*01","VK2_fw","fw","GGCCTCCATCTCCTGCAGGTCTA","GGCCTCCATCTCCTGCAGGTCTA",54,76,"AGCCTCCATCTCCTGCAGATCTA"
"IGKV","IGKV2D","IGKV2D-18*01","VK2_fw","fw","GGCCTCCATCTCCTGCAGGTCTA","GGCCTCCATCTCCTGCAGGTCTA",54,76,"GGCCTCCATCTCCTGCAGGTCTA"
"IGKV","IGKV2D","IGKV2D-24*01","VK2_fw","fw","GGCCTCCATCTCCTGCAGGTCTA","GGCCTCCATCTCCTGCAGGTCTA",54,76,"GGCCTCCATCTCCTTCAGGTCTA"
"IGKV","IGKV2D","IGKV2D-26*01","VK2_fw","fw","GGCCTCCATCTCCTGCAGGTCTA","GGCCTCCATCTCCTGCAGGTCTA",54,76,"GGCCTCCATCTCCTGCAGGTCTA"
"IGKV","IGKV2D","IGKV2D-26*02","VK2_fw","fw","GGCCTCCATCTCCTGCAGGTCTA","GGCCTCCATCTCCTGCAGGTCTA",54,76,"GGCCTCCATGTCCTGCAGGTCTA"
"IGKV","IGKV2D","IGKV2D-26*03","VK2_fw","fw","GGCCTCCATCTCCTGCAGGTCTA","GGCCTCCATCTCCTGCAGGTCTA",54,76,"GGCCTCCATGTCCTGCAGGTCTA"
"IGKV","IGKV2D","IGKV2D-26*04","VK2_fw","fw","GGCCTCCATCTCCTGCAGGTCTA","GGCCTCCATCTCCTGCAGGTCTA",54,76,"GGCCTCCATCTCCTGCAGGTCTA"
"IGKV","IGKV2D","IGKV2D-28*01","VK2_fw","fw","GGCCTCCATCTCCTGCAGGTCTA","GGCCTCCATCTCCTGCAGGTCTA",54,76,"GGCCTCCATCTCCTGCAGGTCTA"
"IGKV","IGKV2D","IGKV2D-28*02","VK2_fw","fw","GGCCTCCATCTCCTGCAGGTCTA","GGCCTCCATCTCCTGCAGGTCTA",54,76,"GGCCTCCATCTCCTGCAGGTCTA"
"IGKV","IGKV2D","IGKV2D-29*01","VK2_fw","fw","GGCCTCCATCTCCTGCAGGTCTA","GGCCTCCATCTCCTGCAGGTCTA",54,76,"GGCCTCCATCTCCTGCAAGTCTA"
"IGKV","IGKV2D","IGKV2D-29*02","VK2_fw","fw","GGCCTCCATCTCCTGCAGGTCTA","GGCCTCCATCTCCTGCAGGTCTA",54,76,"GGCCTCCATCTCCTGCAAGTCTA"
"IGKV","IGKV2D","IGKV2D-30*01","VK2_fw","fw","GGCCTCCATCTCCTGCAGGTCTA","GGCCTCCATCTCCTGCAGGTCTA",54,76,"GGCCTCCATCTCCTGCAGGTCTA"
"IGKV","IGKV2D","IGKV2D-40*01","VK2_fw","fw","GGCCTCCATCTCCTGCAGGTCTA","GGCCTCCATCTCCTGCAGGTCTA",54,76,"GGCCTCCATCTCCTGCAGGTCTA"
"IGKV","IGKV2D","IGKV2D-40*02","VK2_fw","fw","GGCCTCCATCTCCTGCAGGTCTA","GGCCTCCATCTCCTGCAGGTCTA",54,76,"GGCCTCCATCTCCTGCAGGTCTA"
"IGKV","IGKV3","IGKV3-11*01","VK3_fw","fw","CCCAGGCTCCTCATCTATGATGCATCC","CCCAGGCTCCTCATCTATGATGCATCC",130,156,"CCCAGGCTCCTCATCTATGATGCATCC"
"IGKV","IGKV3","IGKV3-11*02","VK3_fw","fw","CCCAGGCTCCTCATCTATGATGCATCC","CCCAGGCTCCTCATCTATGATGCATCC",130,156,"CCCAGGCTCCTCATCTATGATGCATCC"
"IGKV","IGKV3","IGKV3-15*01","VK3_fw","fw","CCCAGGCTCCTCATCTATGATGCATCC","CCCAGGCTCCTCATCTATGATGCATCC",130,156,"CCCAGGCTCCTCATCTATGGTGCATCC"
"IGKV","IGKV3","IGKV3-15*02","VK3_fw","fw","CCCAGGCTCCTCATCTATGATGCATCC","CCCAGGCTCCTCATCTATGATGCATCC",130,156,"CCCAGGCTCCTCATCTATGGTGCATCC"
"IGKV","IGKV3","IGKV3-20*01","VK3_fw","fw","CCCAGGCTCCTCATCTATGATGCATCC","CCCAGGCTCCTCATCTATGATGCATCC",133,159,"CCCAGGCTCCTCATCTATGGTGCATCC"
"IGKV","IGKV3","IGKV3-20*02","VK3_fw","fw","CCCAGGCTCCTCATCTATGATGCATCC","CCCAGGCTCCTCATCTATGATGCATCC",133,159,"CCCAGGCTCCTCATCTATGGTGCATCC"
"IGKV","IGKV3","IGKV3-7*01","VK3_fw","fw","CCCAGGCTCCTCATCTATGATGCATCC","CCCAGGCTCCTCATCTATGATGCATCC",133,159,"CCCAGGCTCCTCATCTATGGTGCATCC"
"IGKV","IGKV3","IGKV3-7*02","VK3_fw","fw","CCCAGGCTCCTCATCTATGATGCATCC","CCCAGGCTCCTCATCTATGATGCATCC",133,159,"CCCAGGCTCCTCATCTATGGTGCATCC"
"IGKV","IGKV3","IGKV3-7*03","VK3_fw","fw","CCCAGGCTCCTCATCTATGATGCATCC","CCCAGGCTCCTCATCTATGATGCATCC",133,159,"CCCAGGCTCCTCATCTATGGTGCATCC"
"IGKV","IGKV3","IGKV3-7*04","VK3_fw","fw","CCCAGGCTCCTCATCTATGATGCATCC","CCCAGGCTCCTCATCTATGATGCATCC",133,159,"CCCAGGCTCCTCATCTATGGTGCATCC"
"IGKV","IGKV3","IGKV3-7*05","VK3_fw","fw","CCCAGGCTCCTCATCTATGATGCATCC","CCCAGGCTCCTCATCTATGATGCATCC",133,159,"CCCAGGCTCCTCATCTATGGTGCATCC"
"IGKV","IGKV3","IGKV3-7*06","VK3_fw","fw","CCCAGGCTCCTCATCTATGATGCATCC","CCCAGGCTCCTCATCTATGATGCATCC",133,159,"CCCAGGCTCCTCATCTATGGTGCATCC"
"IGKV","IGKV3","IGKV3/OR2-268*01","VK3_fw","fw","CCCAGGCTCCTCATCTATGATGCATCC","CCCAGGCTCCTCATCTATGATGCATCC",133,159,"CCCAGGCTCCTCATCTATGGTGCATCC"
"IGKV","IGKV3","IGKV3/OR2-268*02","VK3_fw","fw","CCCAGGCTCCTCATCTATGATGCATCC","CCCAGGCTCCTCATCTATGATGCATCC",133,159,"CCCAGGCTCCTCATCTATGGTGCATCC"
"IGKV","IGKV3D","IGKV3D-11*01","VK3_fw","fw","CCCAGGCTCCTCATCTATGATGCATCC","CCCAGGCTCCTCATCTATGATGCATCC",130,156,"CCCAGGCTCCTCATCTATGATGCATCC"
"IGKV","IGKV3D","IGKV3D-11*02","VK3_fw","fw","CCCAGGCTCCTCATCTATGATGCATCC","CCCAGGCTCCTCATCTATGATGCATCC",130,156,"CCCAGGCTCCTCATCTATGATGCATCC"
"IGKV","IGKV3D","IGKV3D-11*03","VK3_fw","fw","CCCAGGCTCCTCATCTATGATGCATCC","CCCAGGCTCCTCATCTATGATGCATCC",130,156,"CCCAGGCTCCTCATCTATGATGCATCC"
"IGKV","IGKV3D","IGKV3D-15*01","VK3_fw","fw","CCCAGGCTCCTCATCTATGATGCATCC","CCCAGGCTCCTCATCTATGATGCATCC",130,156,"CCCAGGCTCCTCATCTATGGTGCATCC"
"IGKV","IGKV3D","IGKV3D-15*02","VK3_fw","fw","CCCAGGCTCCTCATCTATGATGCATCC","CCCAGGCTCCTCATCTATGATGCATCC",130,156,"CCCAGGCTCCTCATCTATGGTGCATCC"
"IGKV","IGKV3D","IGKV3D-15*03","VK3_fw","fw","CCCAGGCTCCTCATCTATGATGCATCC","CCCAGGCTCCTCATCTATGATGCATCC",130,156,"CCCAGGCTCCTCATCTATGGTGCATCC"
"IGKV","IGKV3D","IGKV3D-20*01","VK3_fw","fw","CCCAGGCTCCTCATCTATGATGCATCC","CCCAGGCTCCTCATCTATGATGCATCC",133,159,"CCCAGGCTCCTCATCTATGATGCATCC"
"IGKV","IGKV3D","IGKV3D-20*02","VK3_fw","fw","CCCAGGCTCCTCATCTATGATGCATCC","CCCAGGCTCCTCATCTATGATGCATCC",133,159,"CCCAGGCTCCTCATCTATGATGCATCC"
"IGKV","IGKV3D","IGKV3D-7*01","VK3_fw","fw","CCCAGGCTCCTCATCTATGATGCATCC","CCCAGGCTCCTCATCTATGATGCATCC",133,159,"CCCAGGCTCCTCATCTATGGTGCATCC"
"IGKV","IGKV4","IGKV4-1*01","VK4_fw","fw","CAACTGCAAGTCCAGCCAGAGTGTTTT","CAACTGCAAGTCCAGCCAGAGTGTTTT",63,89,"CAACTGCAAGTCCAGCCAGAGTGTTTT"
"IGKV","IGKV4","IGKV4-1*02","VK4_fw","fw","CAACTGCAAGTCCAGCCAGAGTGTTTT","CAACTGCAAGTCCAGCCAGAGTGTTTT",63,89,"CAACTGCAAGTCCAGCCAGAGTGTTTT"
"IGKV","IGKV4","IGKV4-1*03","VK4_fw","fw","CAACTGCAAGTCCAGCCAGAGTGTTTT","CAACTGCAAGTCCAGCCAGAGTGTTTT",63,89,"CAACTGCAAGTCCAGCCAGAGTGTTTT"
"IGKV","IGKV5","IGKV5-2*01","VK5_fw","fw","CCTGCAAAGCCAGCCAAGACATTGAT","CCTGCAAAGCCAGCCAAGACATTGAT",65,90,"CCTGCAAAGCCAGCCAAGACATTGAT"
"IGKV","IGKV5","IGKV5-2*02","VK5_fw","fw","CCTGCAAAGCCAGCCAAGACATTGAT","CCTGCAAAGCCAGCCAAGACATTGAT",65,90,"CCTGCAAAGCCAGCCAAGACATTGAT"
"IGKV","IGKV7","IGKV7-3*01","VK7_fw","fw","GACCGATTTCACCCTCACAATTAATCC","GACCGATTTCACCCTCACAATTAATCC",216,242,"GACCGATTTCACCCTCACAATTAATCC"
"IGKV","IGKV7","IGKV7-3*03","VK7_fw","fw","GACCGATTTCACCCTCACAATTAATCC","GACCGATTTCACCCTCACAATTAATCC",216,242,"GACCCATTTCACCCTCACAATTAATCC"
"IGKV","IGKV1","IGKV1-27*01","VK1_New2_fw","fw","TCTCGGTTCAGTGACAGTGGATCTG","TCTCGGTTCAGTGACAGTGGATCTG",178,202,"TCTCGGTTCAGTGGCAGTGGATCTG"
"IGKV","IGKV1","IGKV1-27*02","VK1_New2_fw","fw","TCTCGGTTCAGTGACAGTGGATCTG","TCTCGGTTCAGTGACAGTGGATCTG",178,202,"TCTCGGTTCAGCGGCAGTGGATCTG"
"IGKV","IGKV1","IGKV1-27*03","VK1_New2_fw","fw","TCTCGGTTCAGTGACAGTGGATCTG","TCTCGGTTCAGTGACAGTGGATCTG",178,202,"TCTCGGTTCAGTGGCAGTGGATCTG"
"IGKV","IGKV1","IGKV1-37*01","VK1_New2_fw","fw","TCTCGGTTCAGTGACAGTGGATCTG","TCTCGGTTCAGTGACAGTGGATCTG",178,202,"TCTCGGTTCAGTGGCAGTGGATCTG"
"IGKV","IGKV1","IGKV1-39*01","VK1_New2_fw","fw","TCTCGGTTCAGTGACAGTGGATCTG","TCTCGGTTCAGTGACAGTGGATCTG",178,202,"TCAAGGTTCAGTGGCAGTGGATCTG"
"IGKV","IGKV1","IGKV1-39*02","VK1_New2_fw","fw","TCTCGGTTCAGTGACAGTGGATCTG","TCTCGGTTCAGTGACAGTGGATCTG",178,202,"TCAAGGTTCAGTGGCAGTGGATCTG"
"IGKV","IGKV1","IGKV1-40-1*01","VK1_New2_fw","fw","TCTCGGTTCAGTGACAGTGGATCTG","TCTCGGTTCAGTGACAGTGGATCTG",178,202,"TCTCGGTTCAGTGACAGTGGATCTG"
"IGKV","IGKV1","IGKV1-8*04","VK1_New2_fw","fw","TCTCGGTTCAGTGACAGTGGATCTG","TCTCGGTTCAGTGACAGTGGATCTG",178,202,"TCAAGGTTCAGTGGCAGTGGATCTG"
"IGKV","IGKV1","IGKV1/OR-2*01","VK1_New2_fw","fw","TCTCGGTTCAGTGACAGTGGATCTG","TCTCGGTTCAGTGACAGTGGATCTG",178,202,"TCTCGGTTCAGTGACAGTGGATCTG"
"IGKV","IGKV1","IGKV1/OR-3*01","VK1_New2_fw","fw","TCTCGGTTCAGTGACAGTGGATCTG","TCTCGGTTCAGTGACAGTGGATCTG",178,202,"TCTCGGTTCAGTGACAGTGGATCTG"
"IGKV","IGKV1","IGKV1/OR-4*01","VK1_New2_fw","fw","TCTCGGTTCAGTGACAGTGGATCTG","TCTCGGTTCAGTGACAGTGGATCTG",178,202,"TCTCGGTTCAGTGACAGTGGATCTG"
"IGKV","IGKV1","IGKV1/OR1-1*01","VK1_New2_fw","fw","TCTCGGTTCAGTGACAGTGGATCTG","TCTCGGTTCAGTGACAGTGGATCTG",178,202,"TCTCGGTTCAGTGACAGTGGATCTG"
"IGKV","IGKV1","IGKV1/OR10-1*01","VK1_New2_fw","fw","TCTCGGTTCAGTGACAGTGGATCTG","TCTCGGTTCAGTGACAGTGGATCTG",178,202,"TCTCGGTTCAGTGACAGTGGATCTG"
"IGKV","IGKV1","IGKV1/OR15-118*01","VK1_New2_fw","fw","TCTCGGTTCAGTGACAGTGGATCTG","TCTCGGTTCAGTGACAGTGGATCTG",178,202,"TCTCGGTTCAGTGACAGTGGATCTG"
"IGKV","IGKV1","IGKV1/OR2-0*01","VK1_New2_fw","fw","TCTCGGTTCAGTGACAGTGGATCTG","TCTCGGTTCAGTGACAGTGGATCTG",178,202,"TCTCGGTTCAGTGACAGTGGATCTG"
"IGKV","IGKV1","IGKV1/OR2-1*01","VK1_New2_fw","fw","TCTCGGTTCAGTGACAGTGGATCTG","TCTCGGTTCAGTGACAGTGGATCTG",178,202,"TCTCGGTTCAGTGACAGTGGATCTG"
"IGKV","IGKV1","IGKV1/OR2-108*01","VK1_New2_fw","fw","TCTCGGTTCAGTGACAGTGGATCTG","TCTCGGTTCAGTGACAGTGGATCTG",178,202,"TCTCGGTTCAGTGGCAGTGGATCTG"
"IGKV","IGKV1","IGKV1/OR2-118*01","VK1_New2_fw","fw","TCTCGGTTCAGTGACAGTGGATCTG","TCTCGGTTCAGTGACAGTGGATCTG",178,202,"TCTCGGTTCAGTGACAGTGGATCTG"
"IGKV","IGKV1","IGKV1/OR2-2*01","VK1_New2_fw","fw","TCTCGGTTCAGTGACAGTGGATCTG","TCTCGGTTCAGTGACAGTGGATCTG",178,202,"TCTCGGTTCAGTGACAGTGGATCTG"
"IGKV","IGKV1","IGKV1/OR22-5*01","VK1_New2_fw","fw","TCTCGGTTCAGTGACAGTGGATCTG","TCTCGGTTCAGTGACAGTGGATCTG",178,202,"TCTCAGTTCAGTGACAGTGGATCTG"
"IGKV","IGKV1","IGKV1/OR22-5*02","VK1_New2_fw","fw","TCTCGGTTCAGTGACAGTGGATCTG","TCTCGGTTCAGTGACAGTGGATCTG",178,202,"TCTCAGTTCAGTGACAGTGGATCTG"
"IGKV","IGKV1","IGKV1/OR9-1*01","VK1_New2_fw","fw","TCTCGGTTCAGTGACAGTGGATCTG","TCTCGGTTCAGTGACAGTGGATCTG",178,202,"TCTCGGTTCAGTGACAGTGGATCTG"
"IGKV","IGKV1","IGKV1/OR9-2*01","VK1_New2_fw","fw","TCTCGGTTCAGTGACAGTGGATCTG","TCTCGGTTCAGTGACAGTGGATCTG",178,202,"TCTCGGTTCAGTGACAGTGGATCTG"
"IGKV","IGKV1","IGKV1/ORY-1*01","VK1_New2_fw","fw","TCTCGGTTCAGTGACAGTGGATCTG","TCTCGGTTCAGTGACAGTGGATCTG",178,202,"ACTCGGTTCAGTGACAGTGGATCTG"
"IGKV","IGKV1D","IGKV1D-37*01","VK1_New2_fw","fw","TCTCGGTTCAGTGACAGTGGATCTG","TCTCGGTTCAGTGACAGTGGATCTG",178,202,"TCTCGGTTCAGTGGCAGTGGATCTG"
"IGKV","IGKV1D","IGKV1D-39*01","VK1_New2_fw","fw","TCTCGGTTCAGTGACAGTGGATCTG","TCTCGGTTCAGTGACAGTGGATCTG",178,202,"TCAAGGTTCAGTGGCAGTGGATCTG"
"IGKV","IGKV1D","IGKV1D-40-1*01","VK1_New2_fw","fw","TCTCGGTTCAGTGACAGTGGATCTG","TCTCGGTTCAGTGACAGTGGATCTG",178,202,"TCTCGGTTCAGTGACAGTGGATCTG"
"IGKV","IGKV1D","IGKV1D-7-1*01","VK1_New2_fw","fw","TCTCGGTTCAGTGACAGTGGATCTG","TCTCGGTTCAGTGACAGTGGATCTG",178,202,"TCCAGGTTCAGTGGCAGTGGATCTG"
"IGKV","IGKV1D","IGKV1D-8*01","VK1_New2_fw","fw","TCTCGGTTCAGTGACAGTGGATCTG","TCTCGGTTCAGTGACAGTGGATCTG",178,202,"TCAAGGTTCAGTGGCAGTGGATCTG"
"IGKV","IGKV1D","IGKV1D-8*02","VK1_New2_fw","fw","TCTCGGTTCAGTGACAGTGGATCTG","TCTCGGTTCAGTGACAGTGGATCTG",178,202,"TCAAGGTTCAGTGGCAGTGGATCTG"
"IGKV","IGKV1D","IGKV1D-8*03","VK1_New2_fw","fw","TCTCGGTTCAGTGACAGTGGATCTG","TCTCGGTTCAGTGACAGTGGATCTG",178,202,"TCAAGGTTCAGTGGCAGTGGATCTG"
"IGKV","IGKV1D","IGKV1D-8*04","VK1_New2_fw","fw","TCTCGGTTCAGTGACAGTGGATCTG","TCTCGGTTCAGTGACAGTGGATCTG",178,202,"TCAAGGTTCAGTGGCAGTGGATCTG"
"IGKV","IGKV6","IGKV6-21*01","VK1_New2_fw","fw","TCTCGGTTCAGTGACAGTGGATCTG","TCTCGGTTCAGTGACAGTGGATCTG",178,202,"TCGAGGTTCAGTGGCAGTGGATCTG"
"IGKV","IGKV6","IGKV6-21*02","VK1_New2_fw","fw","TCTCGGTTCAGTGACAGTGGATCTG","TCTCGGTTCAGTGACAGTGGATCTG",178,202,"TCGAGGTTCAGTGGCAGTGGATCTG"
"IGKV","IGKV6D","IGKV6D-21*01","VK1_New2_fw","fw","TCTCGGTTCAGTGACAGTGGATCTG","TCTCGGTTCAGTGACAGTGGATCTG",178,202,"TCGAGGTTCAGTGGCAGTGGATCTG"
"IGKV","IGKV6D","IGKV6D-21*02","VK1_New2_fw","fw","TCTCGGTTCAGTGACAGTGGATCTG","TCTCGGTTCAGTGACAGTGGATCTG",178,202,"TCGAGGTTCAGTGGCAGTGGATCTG"
"IGKV","IGKV6D","IGKV6D-41*01","VK1_New2_fw","fw","TCTCGGTTCAGTGACAGTGGATCTG","TCTCGGTTCAGTGACAGTGGATCTG",178,202,"TCGAGGTTCAGTGGCAGTGGATCTG"
